,Date ,Open ,High ,Low ,Close ,Prev. Close ,Change ,% Change 
0,02-JAN-2023,14.8675,15.4525,14.5675,14.685,14.8675,-0.18,-1.23
1,03-JAN-2023,14.685,14.99,14.305,14.385,14.685,-0.3,-2.04
2,04-JAN-2023,14.385,15.6825,14.33,15.1975,14.385,0.81,5.65
3,05-JAN-2023,15.1975,15.6,14.8125,14.9825,15.1975,-0.22,-1.41
4,06-JAN-2023,14.9825,15.4375,14.6225,15.025,14.9825,0.04,0.28
5,09-JAN-2023,15.025,15.3775,14.53,14.6525,15.025,-0.37,-2.48
6,10-JAN-2023,14.6525,15.935,14.5625,15.51,14.6525,0.86,5.85
7,11-JAN-2023,15.51,16.225,15.115,15.435,15.51,-0.08,-0.48
8,12-JAN-2023,15.435,16.0425,14.4175,15.275,15.435,-0.16,-1.04
9,13-JAN-2023,15.275,15.6025,14.395,14.46,15.275,-0.82,-5.34
10,16-JAN-2023,14.46,15.3625,14.46,15.0225,14.46,0.56,3.89
11,17-JAN-2023,15.0225,15.31,13.84,14.59,15.0225,-0.43,-2.88
12,18-JAN-2023,14.59,14.75,12.4725,14.3725,14.59,-0.22,-1.49
13,19-JAN-2023,14.3725,14.8325,13.8925,13.96,14.3725,-0.41,-2.87
14,20-JAN-2023,13.96,14.185,11.6425,13.7875,13.96,-0.17,-1.24
15,23-JAN-2023,13.7875,14.26,13.48,13.6175,13.7875,-0.17,-1.23
16,24-JAN-2023,13.6175,13.81,13.3,13.6575,13.6175,0.04,0.29
17,25-JAN-2023,13.6575,15.4225,13.5175,14.655,13.6575,1.0,7.3
18,27-JAN-2023,14.655,18.0125,14.5825,17.32,14.655,2.67,18.18
19,30-JAN-2023,17.32,19.39,17.29,17.71,17.32,0.39,2.25
20,31-JAN-2023,17.71,18.3675,16.565,16.875,17.71,-0.84,-4.71
21,01-FEB-2023,16.875,18.54,14.8475,16.78,16.875,-0.1,-0.56
22,02-FEB-2023,16.78,17.7675,15.5075,15.7325,16.78,-1.05,-6.24
23,03-FEB-2023,15.7325,15.7575,14.27,14.3975,15.7325,-1.34,-8.49
24,06-FEB-2023,14.3975,15.205,14.185,14.6875,14.3975,0.29,2.01
25,07-FEB-2023,14.6875,14.875,13.665,14.125,14.6875,-0.56,-3.83
26,08-FEB-2023,14.125,14.2475,13.535,13.595,14.125,-0.53,-3.75
27,09-FEB-2023,13.595,13.815,12.0625,13.04,13.595,-0.56,-4.08
28,10-FEB-2023,13.04,13.2775,12.2075,12.745,13.04,-0.3,-2.26
29,13-FEB-2023,12.745,14.095,11.83,13.68,12.745,0.94,7.34
30,14-FEB-2023,13.68,13.68,12.4525,13.4525,13.68,-0.23,-1.66
31,15-FEB-2023,13.4525,13.4525,11.28,12.86,13.4525,-0.59,-4.4
32,16-FEB-2023,12.86,13.1625,10.1725,12.89,12.86,0.03,0.23
33,17-FEB-2023,12.89,13.52,10.8025,13.085,12.89,0.2,1.51
34,20-FEB-2023,13.085,13.7075,10.9225,13.3825,13.085,0.3,2.27
35,21-FEB-2023,13.3825,14.295,13.3825,14.0075,13.3825,0.63,4.67
36,22-FEB-2023,14.0075,15.915,12.3775,15.5875,14.0075,1.58,11.28
37,23-FEB-2023,15.5875,16.01,14.5175,15.075,15.5875,-0.51,-3.29
38,24-FEB-2023,15.075,15.1425,14.0075,14.185,15.075,-0.89,-5.9
39,27-FEB-2023,14.185,15.0975,13.75,13.875,14.185,-0.31,-2.19
40,28-FEB-2023,13.875,14.5675,13.5,14.02,13.875,0.15,1.05
41,01-MAR-2023,14.02,14.02,12.275,12.995,14.02,-1.03,-7.31
42,02-MAR-2023,12.995,13.55,11.1,12.97,12.995,-0.03,-0.19
43,03-MAR-2023,12.97,12.97,11.98,12.18,12.97,-0.79,-6.09
44,06-MAR-2023,12.18,12.4725,11.8375,12.2675,12.18,0.09,0.72
45,08-MAR-2023,12.2675,12.8475,11.8975,12.45,12.2675,0.18,1.49
46,09-MAR-2023,12.45,12.8425,11.78,12.725,12.45,0.28,2.21
47,10-MAR-2023,12.725,13.8175,12.725,13.4125,12.725,0.69,5.4
48,13-MAR-2023,13.4125,16.4275,13.4125,16.215,13.4125,2.8,20.89
49,14-MAR-2023,16.215,16.6425,15.0025,16.2175,16.215,0.0,0.02
50,15-MAR-2023,16.2175,16.505,14.5175,16.295,16.2175,0.08,0.48
51,16-MAR-2023,16.295,17.355,13.95,16.2175,16.295,-0.08,-0.48
52,17-MAR-2023,16.2175,16.2175,14.6,14.7675,16.2175,-1.45,-8.94
53,20-MAR-2023,14.7675,17.22,14.52,16.0075,14.7675,1.24,8.4
54,21-MAR-2023,16.0075,16.035,14.0825,15.0825,16.0075,-0.93,-5.78
55,22-MAR-2023,15.0825,15.0925,14.2425,14.8075,15.0825,-0.28,-1.82
56,23-MAR-2023,14.8075,15.0575,13.9025,14.49,14.8075,-0.32,-2.14
57,24-MAR-2023,14.49,15.43,14.2025,15.24,14.49,0.75,5.18
58,27-MAR-2023,15.24,16.0925,15.0975,15.445,15.24,0.21,1.35
59,28-MAR-2023,15.445,15.6075,14.865,15.1,15.445,-0.35,-2.23
60,29-MAR-2023,15.1,15.1,13.32,13.6275,15.1,-1.47,-9.75
61,31-MAR-2023,13.6275,13.6275,12.0725,12.935,13.6275,-0.69,-5.08
62,03-APR-2023,12.935,13.49,12.465,12.585,12.935,-0.35,-2.71
63,05-APR-2023,12.585,12.805,12.0525,12.4125,12.585,-0.17,-1.37
64,06-APR-2023,12.4125,12.57,11.65,11.7975,12.4125,-0.62,-4.95
65,10-APR-2023,11.7975,12.5625,11.7975,12.2725,11.7975,0.48,4.03
66,11-APR-2023,12.2725,12.2725,11.665,11.975,12.2725,-0.3,-2.42
67,12-APR-2023,11.975,12.395,11.975,12.2725,11.975,0.3,2.48
68,13-APR-2023,12.2725,12.51,11.84,11.9075,12.2725,-0.37,-2.97
69,17-APR-2023,11.9075,13.2725,11.9075,12.265,11.9075,0.36,3.0
70,18-APR-2023,12.265,12.525,11.8625,12.075,12.265,-0.19,-1.55
71,19-APR-2023,12.075,12.47,11.1075,12.1525,12.075,0.08,0.64
72,20-APR-2023,12.1525,12.3975,11.58,11.94,12.1525,-0.21,-1.75
73,21-APR-2023,11.94,12.04,11.52,11.63,11.94,-0.31,-2.6
74,24-APR-2023,11.63,12.205,11.58,11.6675,11.63,0.04,0.32
75,25-APR-2023,11.6675,11.8125,11.425,11.52,11.6675,-0.15,-1.26
76,26-APR-2023,11.52,11.8975,11.2975,11.6525,11.52,0.13,1.15
77,27-APR-2023,11.6525,12.02,10.96,11.425,11.6525,-0.23,-1.95
78,28-APR-2023,11.425,11.5425,10.7875,10.9475,11.425,-0.48,-4.18
79,02-MAY-2023,10.9475,12.0625,10.9475,11.8975,10.9475,0.95,8.68
80,03-MAY-2023,11.8975,12.25,11.13,11.84,11.8975,-0.06,-0.48
81,04-MAY-2023,11.84,12.03,11.185,11.7325,11.84,-0.11,-0.91
82,05-MAY-2023,11.7325,12.375,11.53,12.295,11.7325,0.56,4.79
83,08-MAY-2023,12.295,12.91,11.7225,12.635,12.295,0.34,2.77
84,09-MAY-2023,12.635,12.815,11.6575,12.6775,12.635,0.04,0.34
85,10-MAY-2023,12.6775,13.2975,11.5425,13.0825,12.6775,0.41,3.19
86,11-MAY-2023,13.0825,13.74,12.815,13.215,13.0825,0.13,1.01
87,12-MAY-2023,13.215,13.51,12.7375,12.8525,13.215,-0.36,-2.74
88,15-MAY-2023,12.8525,13.615,12.5375,13.1725,12.8525,0.32,2.49
89,16-MAY-2023,13.1725,13.485,11.71,13.2925,13.1725,0.12,0.91
90,17-MAY-2023,13.2925,13.58,11.895,13.105,13.2925,-0.19,-1.41
91,18-MAY-2023,13.105,13.105,11.1375,12.795,13.105,-0.31,-2.37
92,19-MAY-2023,12.795,12.82,11.6875,12.3025,12.795,-0.49,-3.85
93,22-MAY-2023,12.3025,12.82,11.555,12.57,12.3025,0.27,2.17
94,23-MAY-2023,12.57,13.075,12.3175,12.605,12.57,0.04,0.28
95,24-MAY-2023,12.605,13.4375,12.41,13.1125,12.605,0.51,4.03
96,25-MAY-2023,13.1125,13.1325,8.1825,12.52,13.1125,-0.59,-4.52
97,26-MAY-2023,12.52,12.8575,11.7,11.9,12.52,-0.62,-4.95
98,29-MAY-2023,11.9,12.4925,8.8075,12.2975,11.9,0.4,3.34
99,30-MAY-2023,12.2975,12.38,11.7675,12.01,12.2975,-0.29,-2.34
100,31-MAY-2023,12.01,12.4675,11.58,11.9725,12.01,-0.04,-0.31
101,01-JUN-2023,11.9725,11.9725,11.22,11.5975,11.9725,-0.38,-3.13
102,02-JUN-2023,11.5975,11.735,10.86,11.125,11.5975,-0.47,-4.07
103,05-JUN-2023,11.125,11.335,10.3225,11.1375,11.125,0.01,0.11
104,06-JUN-2023,11.1375,11.6175,10.465,11.38,11.1375,0.24,2.18
105,07-JUN-2023,11.38,11.5375,9.6375,11.4425,11.38,0.06,0.55
106,08-JUN-2023,11.4425,11.5675,10.13,11.2575,11.4425,-0.19,-1.62
107,09-JUN-2023,11.2575,11.2975,10.3075,11.12,11.2575,-0.14,-1.22
108,12-JUN-2023,11.12,11.8025,10.5825,11.245,11.12,0.13,1.12
109,13-JUN-2023,11.245,11.25,9.99,11.11,11.245,-0.14,-1.2
110,14-JUN-2023,11.11,11.3675,10.6325,11.1625,11.11,0.05,0.47
111,15-JUN-2023,11.1625,11.37,9.6925,11.08,11.1625,-0.08,-0.74
112,16-JUN-2023,11.08,11.08,10.5575,10.84,11.08,-0.24,-2.17
113,19-JUN-2023,10.84,11.4975,10.33,11.225,10.84,0.39,3.55
114,20-JUN-2023,11.225,11.4375,10.5675,11.1325,11.225,-0.09,-0.82
115,21-JUN-2023,11.1325,11.4325,10.77,11.2925,11.1325,0.16,1.44
116,22-JUN-2023,11.2925,11.7125,10.6925,11.5475,11.2925,0.26,2.26
117,23-JUN-2023,11.5475,11.8375,11.1425,11.235,11.5475,-0.31,-2.71
118,26-JUN-2023,11.235,11.925,11.235,11.395,11.235,0.16,1.42
119,27-JUN-2023,11.395,11.4225,10.6925,10.7775,11.395,-0.62,-5.42
120,28-JUN-2023,10.7775,11.535,10.6525,10.8875,10.7775,0.11,1.02
121,30-JUN-2023,10.8875,11.215,10.07,10.8,10.8875,-0.09,-0.8
122,03-JUL-2023,10.8,12.03,10.8,11.54,10.8,0.74,6.85
123,04-JUL-2023,11.54,11.99,11.5225,11.7,11.54,0.16,1.39
124,05-JUL-2023,11.7,12.21,11.5675,11.8825,11.7,0.18,1.56
125,06-JUL-2023,11.8825,12.205,11.7775,11.84,11.8825,-0.04,-0.36
126,07-JUL-2023,11.84,12.0725,11.08,11.5325,11.84,-0.31,-2.6
127,10-JUL-2023,11.5325,12.01,11.36,11.4625,11.5325,-0.07,-0.61
128,11-JUL-2023,11.4625,11.4625,10.945,11.0125,11.4625,-0.45,-3.93
129,12-JUL-2023,11.0125,11.2,10.72,10.935,11.0125,-0.08,-0.7
130,13-JUL-2023,10.935,11.1725,10.695,10.9375,10.935,0.0,0.02
131,14-JUL-2023,10.9375,10.9375,10.6125,10.6825,10.9375,-0.26,-2.33
132,17-JUL-2023,10.6825,11.3975,9.8575,11.315,10.6825,0.63,5.92
133,18-JUL-2023,11.315,12.02,11.0675,11.71,11.315,0.4,3.49
134,19-JUL-2023,11.71,11.9375,11.54,11.6,11.71,-0.11,-0.94
135,20-JUL-2023,11.6,12.255,11.37,11.785,11.6,0.19,1.59
136,21-JUL-2023,11.785,12.0325,11.06,11.485,11.785,-0.3,-2.55
137,24-JUL-2023,11.485,11.995,10.5375,11.6525,11.485,0.17,1.46
138,25-JUL-2023,11.6525,11.6525,10.1125,10.2425,11.6525,-1.41,-12.1
139,26-JUL-2023,10.2425,10.8625,10.2175,10.4575,10.2425,0.22,2.1
140,27-JUL-2023,10.4575,10.9825,9.8875,10.5125,10.4575,0.06,0.53
141,28-JUL-2023,10.5125,10.81,10.035,10.135,10.5125,-0.38,-3.59
142,31-JUL-2023,10.135,11.1875,10.135,10.4125,10.135,0.28,2.74
143,01-AUG-2023,10.4125,10.7025,10.195,10.2825,10.4125,-0.13,-1.25
144,02-AUG-2023,10.2825,11.805,9.95,11.2775,10.2825,1.0,9.68
145,03-AUG-2023,11.2775,11.96,10.9825,11.185,11.2775,-0.09,-0.82
146,04-AUG-2023,11.185,11.185,10.4825,10.5725,11.185,-0.61,-5.48
147,07-AUG-2023,10.5725,11.4175,10.4025,11.1025,10.5725,0.53,5.01
148,08-AUG-2023,11.1025,11.53,11.1025,11.325,11.1025,0.22,2.0
149,09-AUG-2023,11.325,11.765,10.485,11.14,11.325,-0.19,-1.63
150,10-AUG-2023,11.14,11.91,10.6275,11.4,11.14,0.26,2.33
151,11-AUG-2023,11.4,11.865,11.355,11.5225,11.4,0.12,1.07
152,14-AUG-2023,11.5225,12.755,10.4775,11.995,11.5225,0.47,4.1
153,16-AUG-2023,11.995,12.6825,11.995,12.125,11.995,0.13,1.08
154,17-AUG-2023,12.125,12.665,12.1125,12.24,12.125,0.12,0.95
155,18-AUG-2023,12.24,12.4925,10.7875,12.1425,12.24,-0.1,-0.8
156,21-AUG-2023,12.1425,12.59,11.1725,11.96,12.1425,-0.18,-1.5
157,22-AUG-2023,11.96,12.085,11.59,11.7475,11.96,-0.21,-1.78
158,23-AUG-2023,11.7475,11.885,10.3075,11.7275,11.7475,-0.02,-0.17
159,24-AUG-2023,11.7275,12.235,10.1975,11.7,11.7275,-0.03,-0.23
160,25-AUG-2023,11.7,12.2425,9.98,12.0825,11.7,0.38,3.27
161,28-AUG-2023,12.0825,12.72,9.5,12.3975,12.0825,0.32,2.61
162,29-AUG-2023,12.3975,12.4625,10.6475,12.225,12.3975,-0.17,-1.39
163,30-AUG-2023,12.225,12.2425,11.4625,11.8,12.225,-0.43,-3.48
164,31-AUG-2023,11.8,12.28,11.76,12.0625,11.8,0.26,2.22
165,01-SEP-2023,12.0625,12.18,10.4075,11.365,12.0625,-0.7,-5.78
166,04-SEP-2023,11.365,11.5425,10.86,10.9625,11.365,-0.4,-3.54
167,05-SEP-2023,10.9625,11.085,9.365,10.815,10.9625,-0.15,-1.35
168,06-SEP-2023,10.815,10.975,9.805,10.6775,10.815,-0.14,-1.27
169,07-SEP-2023,10.6775,11.025,9.8,10.8725,10.6775,0.2,1.83
170,08-SEP-2023,10.8725,10.97,10.0775,10.78,10.8725,-0.09,-0.85
171,11-SEP-2023,10.78,11.5,10.3375,11.3475,10.78,0.57,5.26
172,12-SEP-2023,11.3475,12.0225,10.7125,11.69,11.3475,0.34,3.02
173,13-SEP-2023,11.69,12.0475,11.535,11.8275,11.69,0.14,1.18
174,14-SEP-2023,11.8275,12.0425,11.21,11.3175,11.8275,-0.51,-4.31
175,15-SEP-2023,11.3175,11.32,10.0725,10.9025,11.3175,-0.42,-3.67
176,18-SEP-2023,10.9025,11.4075,10.45,10.835,10.9025,-0.07,-0.62
177,20-SEP-2023,10.835,11.47,10.835,11.1275,10.835,0.29,2.7
178,21-SEP-2023,11.1275,11.39,10.62,10.8175,11.1275,-0.31,-2.79
179,22-SEP-2023,10.8175,11.0725,10.3925,10.66,10.8175,-0.16,-1.46
180,25-SEP-2023,10.66,11.305,10.2725,10.9,10.66,0.24,2.25
181,26-SEP-2023,10.9,11.29,9.2475,11.185,10.9,0.29,2.61
182,27-SEP-2023,11.185,11.8225,9.39,11.585,11.185,0.4,3.58
183,28-SEP-2023,11.585,13.0225,9.3975,12.8225,11.585,1.24,10.68
184,29-SEP-2023,12.8225,12.8225,11.3075,11.4525,12.8225,-1.37,-10.68
185,03-OCT-2023,11.4525,12.4075,10.775,11.7875,11.4525,0.34,2.93
186,04-OCT-2023,11.7875,12.22,11.115,11.655,11.7875,-0.13,-1.12
187,05-OCT-2023,11.655,11.655,10.8425,10.94,11.655,-0.72,-6.13
188,06-OCT-2023,10.94,10.94,9.73,10.3,10.94,-0.64,-5.85
189,09-OCT-2023,10.3,11.6325,10.12,11.4,10.3,1.1,10.68
190,10-OCT-2023,11.4,11.4,10.855,11.27,11.4,-0.13,-1.14
191,11-OCT-2023,11.27,11.3225,10.39,10.985,11.27,-0.29,-2.53
192,12-OCT-2023,10.985,11.1175,10.565,10.6175,10.985,-0.37,-3.35
193,13-OCT-2023,10.6175,11.025,10.4025,10.6175,10.6175,0.0,0.0
194,16-OCT-2023,10.6175,11.1525,9.1525,11.07,10.6175,0.45,4.26
195,17-OCT-2023,11.07,11.07,10.4275,10.695,11.07,-0.38,-3.39
196,18-OCT-2023,10.695,11.17,10.485,10.965,10.695,0.27,2.52
197,19-OCT-2023,10.965,11.2125,10.0475,10.8975,10.965,-0.07,-0.62
198,20-OCT-2023,10.8975,11.09,10.075,10.8175,10.8975,-0.08,-0.73
199,23-OCT-2023,10.8175,11.3575,8.825,10.905,10.8175,0.09,0.81
200,25-OCT-2023,10.905,12.1775,9.965,11.3125,10.905,0.41,3.74
201,26-OCT-2023,11.3125,12.7,11.3125,11.73,11.3125,0.42,3.69
202,27-OCT-2023,11.73,12.305,10.6725,10.905,11.73,-0.83,-7.03
203,30-OCT-2023,10.905,12.1925,10.905,11.49,10.905,0.59,5.36
204,31-OCT-2023,11.49,12.285,11.2625,11.825,11.49,0.34,2.92
205,01-NOV-2023,11.825,12.195,11.825,12.0475,11.825,0.22,1.88
206,02-NOV-2023,12.0475,12.0475,10.9475,11.075,12.0475,-0.97,-8.07
207,03-NOV-2023,11.075,11.075,10.635,10.8825,11.075,-0.19,-1.74
208,06-NOV-2023,10.8825,11.28,10.38,11.105,10.8825,0.22,2.04
209,07-NOV-2023,11.105,12.1775,11.0,11.1925,11.105,0.09,0.79
210,08-NOV-2023,11.1925,11.3325,10.63,11.0375,11.1925,-0.16,-1.38
211,09-NOV-2023,11.0375,11.2525,10.37,10.9825,11.0375,-0.06,-0.5
212,10-NOV-2023,10.9825,11.3575,9.86,11.1075,10.9825,0.13,1.14
213,12-NOV-2023,11.1075,11.54,9.7525,11.3475,11.1075,0.24,2.16
214,13-NOV-2023,11.3475,11.6325,10.5025,11.1875,11.3475,-0.16,-1.41
215,15-NOV-2023,11.1875,11.4175,8.395,11.135,11.1875,-0.05,-0.47
216,16-NOV-2023,11.135,11.8075,10.6175,11.6475,11.135,0.51,4.6
217,17-NOV-2023,11.6475,12.09,10.19,11.8275,11.6475,0.18,1.55
218,20-NOV-2023,11.8275,12.67,11.2,12.1475,11.8275,0.32,2.71
219,21-NOV-2023,12.1475,12.435,10.755,12.2325,12.1475,0.09,0.7
220,22-NOV-2023,12.2325,12.7075,11.0225,11.865,12.2325,-0.37,-3.0
221,23-NOV-2023,11.865,12.14,10.975,11.315,11.865,-0.55,-4.64
222,24-NOV-2023,11.315,11.465,8.6775,11.33,11.315,0.02,0.13
223,28-NOV-2023,11.33,12.4925,11.065,12.175,11.33,0.85,7.46
224,29-NOV-2023,12.175,14.46,11.3325,12.7075,12.175,0.53,4.37
225,30-NOV-2023,12.7075,13.3525,11.7625,12.69,12.7075,-0.02,-0.14
226,01-DEC-2023,12.69,12.755,11.7775,12.3825,12.69,-0.31,-2.42
227,04-DEC-2023,12.3825,13.16,11.34,12.9925,12.3825,0.61,4.93
228,05-DEC-2023,12.9925,13.8825,11.475,13.4575,12.9925,0.47,3.58
229,06-DEC-2023,13.4575,14.0875,12.6875,13.74,13.4575,0.28,2.1
230,07-DEC-2023,13.74,13.74,12.545,12.6725,13.74,-1.07,-7.77
231,08-DEC-2023,12.6725,12.875,12.135,12.47,12.6725,-0.2,-1.6
232,11-DEC-2023,12.47,13.1225,12.2275,12.7575,12.47,0.29,2.31
233,12-DEC-2023,12.7575,12.8675,11.6925,12.7125,12.7575,-0.05,-0.35
234,13-DEC-2023,12.7125,12.8175,11.54,12.065,12.7125,-0.65,-5.09
235,14-DEC-2023,12.065,12.5125,11.0,12.32,12.065,0.26,2.11
236,15-DEC-2023,12.32,13.3425,10.8,13.1275,12.32,0.81,6.55
237,18-DEC-2023,13.1275,14.1175,13.125,13.9,13.1275,0.77,5.88
238,19-DEC-2023,13.9,14.12,13.5525,13.8675,13.9,-0.03,-0.23
239,20-DEC-2023,13.8675,14.87,12.7775,14.45,13.8675,0.58,4.2
240,21-DEC-2023,14.45,15.01,12.2825,13.7575,14.45,-0.69,-4.79
241,22-DEC-2023,13.7575,13.9875,12.225,13.7075,13.7575,-0.05,-0.36
242,26-DEC-2023,13.7075,14.95,13.7075,14.6775,13.7075,0.97,7.08
243,27-DEC-2023,14.6775,15.7325,14.47,15.5575,14.6775,0.88,6.0
244,28-DEC-2023,15.5575,16.47,14.9625,15.14,15.5575,-0.42,-2.68
245,29-DEC-2023,15.14,15.4275,14.3725,14.5025,15.14,-0.64,-4.21
246,01-JAN-2024,14.5025,14.8675,14.3275,14.68,14.5025,0.18,1.22
0,02-JAN-2024,14.68,15.08,14.2425,14.58,14.68,-0.1,-0.68
1,03-JAN-2024,14.58,14.78,14.0225,14.0975,14.58,-0.48,-3.31
2,04-JAN-2024,14.0975,14.2075,13.2125,13.33,14.0975,-0.77,-5.44
3,05-JAN-2024,13.33,13.4675,12.4875,12.63,13.33,-0.7,-5.25
4,08-JAN-2024,12.63,13.595,12.63,13.4625,12.63,0.83,6.59
5,09-JAN-2024,13.4625,13.505,12.775,13.2625,13.4625,-0.2,-1.49
6,10-JAN-2024,13.2625,14.5575,12.81,12.97,13.2625,-0.29,-2.21
7,11-JAN-2024,12.97,13.19,12.63,12.7675,12.97,-0.2,-1.56
8,12-JAN-2024,12.7675,13.285,12.42,13.1,12.7675,0.33,2.6
9,15-JAN-2024,13.1,13.885,11.7875,13.785,13.1,0.69,5.23
10,16-JAN-2024,13.785,14.0425,12.485,13.5725,13.785,-0.21,-1.54
11,17-JAN-2024,13.5725,15.23,12.715,15.08,13.5725,1.51,11.11
12,18-JAN-2024,15.08,15.705,12.98,14.07,15.08,-1.01,-6.7
13,19-JAN-2024,14.07,14.1125,13.6775,13.8775,14.07,-0.19,-1.37
14,20-JAN-2024,13.8775,14.2475,13.0975,13.8025,13.8775,-0.08,-0.54
15,23-JAN-2024,13.8025,15.405,12.195,14.8525,13.8025,1.05,7.61
16,24-JAN-2024,14.8525,15.6475,14.03,14.375,14.8525,-0.48,-3.21
17,25-JAN-2024,14.375,15.3375,13.36,13.865,14.375,-0.51,-3.55
18,29-JAN-2024,13.865,15.8475,13.795,15.68,13.865,1.82,13.09
19,30-JAN-2024,15.68,16.575,14.9875,16.1025,15.68,0.42,2.69
20,31-JAN-2024,16.1025,16.5325,15.8,16.0475,16.1025,-0.06,-0.34
21,01-FEB-2024,16.0475,16.1075,14.36,14.455,16.0475,-1.59,-9.92
22,02-FEB-2024,14.455,15.1325,14.025,14.6975,14.455,0.24,1.68
23,05-FEB-2024,14.6975,16.05,14.6975,15.6175,14.6975,0.92,6.26
24,06-FEB-2024,15.6175,15.9825,15.0875,15.785,15.6175,0.17,1.07
25,07-FEB-2024,15.785,16.0175,14.74,15.505,15.785,-0.28,-1.77
26,08-FEB-2024,15.505,16.0275,15.2425,15.8275,15.505,0.32,2.08
27,09-FEB-2024,15.8275,16.3325,15.265,15.4475,15.8275,-0.38,-2.4
28,12-FEB-2024,15.4475,16.535,15.4475,16.0625,15.4475,0.62,3.98
29,13-FEB-2024,16.0625,16.57,15.7525,15.8075,16.0625,-0.26,-1.59
30,14-FEB-2024,15.8075,16.1975,15.34,15.435,15.8075,-0.37,-2.36
31,15-FEB-2024,15.435,15.6625,15.1125,15.225,15.435,-0.21,-1.36
32,16-FEB-2024,15.225,15.5525,14.9025,15.2225,15.225,0.0,-0.02
33,19-FEB-2024,15.2225,16.1175,13.7,16.0175,15.2225,0.8,5.22
34,20-FEB-2024,16.0175,16.36,14.2125,16.0725,16.0175,0.06,0.34
35,21-FEB-2024,16.0725,16.31,15.68,15.9275,16.0725,-0.15,-0.9
36,22-FEB-2024,15.9275,16.15,15.1325,15.1975,15.9275,-0.73,-4.58
37,23-FEB-2024,15.1975,15.4425,14.84,14.9725,15.1975,-0.23,-1.48
38,26-FEB-2024,14.9725,15.96,13.7575,15.6,14.9725,0.63,4.19
39,27-FEB-2024,15.6,15.9975,15.53,15.7275,15.6,0.13,0.82
40,28-FEB-2024,15.7275,16.74,15.31,16.33,15.7275,0.6,3.83
41,29-FEB-2024,16.33,16.5525,15.37,15.5725,16.33,-0.76,-4.64
42,01-MAR-2024,15.5725,15.6425,15.0,15.235,15.5725,-0.34,-2.17
43,04-MAR-2024,14.9925,15.3025,14.8225,14.9225,14.9925,-0.07,-0.47
44,05-MAR-2024,14.9225,15.165,14.1775,14.38,14.9225,-0.54,-3.64
45,06-MAR-2024,14.38,14.71,13.905,14.295,14.38,-0.09,-0.59
46,07-MAR-2024,14.295,14.4325,13.56,13.6125,14.295,-0.68,-4.77
47,11-MAR-2024,13.6125,14.5525,13.6125,13.995,13.6125,0.38,2.81
48,12-MAR-2024,13.995,14.195,13.5775,13.6375,13.995,-0.36,-2.55
49,13-MAR-2024,13.6375,15.005,13.5325,14.4325,13.6375,0.8,5.83
50,14-MAR-2024,14.4325,14.6825,13.5225,13.6225,14.4325,-0.81,-5.61
51,15-MAR-2024,13.6225,14.3325,13.59,13.69,13.6225,0.07,0.5
52,18-MAR-2024,13.69,14.615,13.69,13.895,13.69,0.21,1.5
53,19-MAR-2024,13.895,14.445,13.875,14.1125,13.895,0.22,1.57
54,20-MAR-2024,14.1125,14.2825,13.085,13.4725,14.1125,-0.64,-4.53
55,21-MAR-2024,13.4725,13.4725,12.3425,12.5125,13.4725,-0.96,-7.13
56,22-MAR-2024,12.5125,13.0475,11.81,12.22,12.5125,-0.29,-2.34
57,26-MAR-2024,12.22,13.1025,12.085,12.82,12.22,0.6,4.91
58,27-MAR-2024,12.82,13.01,12.5325,12.7025,12.82,-0.12,-0.92
59,28-MAR-2024,12.7025,13.18,12.26,12.8325,12.7025,0.13,1.02
60,01-APR-2024,12.8325,13.3575,12.005,12.0825,12.8325,-0.75,-5.84
61,02-APR-2024,12.0825,12.305,11.5975,11.6525,12.0825,-0.43,-3.56
62,03-APR-2024,11.6525,11.8275,11.3125,11.3725,11.6525,-0.28,-2.4
63,04-APR-2024,11.3725,11.8375,10.86,11.22,11.3725,-0.15,-1.34
64,05-APR-2024,11.22,11.6825,11.035,11.3375,11.22,0.12,1.05
65,08-APR-2024,11.3375,11.7425,11.1325,11.61,11.3375,0.27,2.4
66,09-APR-2024,11.61,11.6125,10.6175,11.355,11.61,-0.26,-2.2
67,10-APR-2024,11.355,11.355,10.985,11.1075,11.355,-0.25,-2.18
68,12-APR-2024,11.1075,11.605,11.1075,11.5325,11.1075,0.43,3.83
69,15-APR-2024,11.5325,12.7375,11.3075,12.4675,11.5325,0.94,8.11
70,16-APR-2024,12.4675,12.925,12.34,12.615,12.4675,0.15,1.18
71,18-APR-2024,12.615,13.3875,12.0275,13.04,12.615,0.43,3.37
72,19-APR-2024,13.04,14.4125,11.915,13.4575,13.04,0.42,3.2
73,22-APR-2024,13.4575,13.4575,12.6125,12.7,13.4575,-0.76,-5.63
74,23-APR-2024,12.7,12.7,9.8575,10.195,12.7,-2.51,-19.72
75,24-APR-2024,10.195,11.1325,9.945,10.275,10.195,0.08,0.78
76,25-APR-2024,10.275,11.4575,10.26,10.73,10.275,0.46,4.43
77,26-APR-2024,10.73,11.315,10.5875,10.925,10.73,0.2,1.82
78,29-APR-2024,10.925,12.4875,10.925,12.235,10.925,1.31,11.99
79,30-APR-2024,12.235,13.2125,12.235,12.87,12.235,0.64,5.19
80,02-MAY-2024,12.87,13.9475,12.87,13.445,12.87,0.58,4.47
81,03-MAY-2024,13.445,15.3125,13.445,14.6175,13.445,1.17,8.72
82,06-MAY-2024,14.6175,16.9625,14.6175,16.6,14.6175,1.98,13.56
83,07-MAY-2024,16.6,17.6425,16.6,17.0075,16.6,0.41,2.45
84,08-MAY-2024,17.0075,18.3175,16.4625,17.08,17.0075,0.07,0.43
85,09-MAY-2024,17.08,19.1725,17.08,18.2,17.08,1.12,6.56
86,10-MAY-2024,18.2,19.0075,17.995,18.4725,18.2,0.27,1.5
87,13-MAY-2024,18.4725,21.485,18.4725,20.6,18.4725,2.13,11.52
88,14-MAY-2024,20.6,21.875,20.1125,20.195,20.6,-0.41,-1.97
89,15-MAY-2024,20.195,20.6575,19.87,20.2725,20.195,0.08,0.38
90,16-MAY-2024,20.2725,21.1125,18.965,19.995,20.2725,-0.28,-1.37
91,17-MAY-2024,19.995,20.3675,18.98,19.7975,19.995,-0.2,-0.99
92,18-MAY-2024,19.7975,20.945,17.3375,20.525,19.7975,0.73,3.67
93,21-MAY-2024,20.525,22.3025,20.525,21.81,20.525,1.29,6.26
94,22-MAY-2024,21.81,22.2925,18.185,21.4675,21.81,-0.34,-1.57
95,23-MAY-2024,21.4675,24.215,18.84,21.38,21.4675,-0.09,-0.41
96,24-MAY-2024,21.38,21.8975,20.59,21.71,21.38,0.33,1.54
97,27-MAY-2024,21.71,26.195,18.435,23.1925,21.71,1.48,6.83
98,28-MAY-2024,23.1925,24.475,22.025,24.195,23.1925,1.0,4.32
99,29-MAY-2024,24.195,24.7725,23.545,24.175,24.195,-0.02,-0.08
100,30-MAY-2024,24.175,24.52,22.7525,24.175,24.175,0.0,0.0
101,31-MAY-2024,24.175,24.81,22.5975,24.6025,24.175,0.43,1.77
102,03-JUN-2024,24.6025,24.6025,19.115,20.9375,24.6025,-3.67,-14.9
103,04-JUN-2024,20.9375,31.71,18.8025,26.7475,20.9375,5.81,27.75
104,05-JUN-2024,26.7475,26.925,18.6575,18.885,26.7475,-7.86,-29.4
105,06-JUN-2024,18.885,18.885,16.5575,16.8,18.885,-2.09,-11.04
106,07-JUN-2024,16.8,17.145,16.3725,16.8825,16.8,0.08,0.49
107,10-JUN-2024,16.8825,17.25,16.17,16.3975,16.8825,-0.49,-2.87
108,11-JUN-2024,16.3975,16.3975,14.675,14.765,16.3975,-1.63,-9.96
109,12-JUN-2024,14.765,14.765,13.165,14.3875,14.765,-0.38,-2.56
110,13-JUN-2024,14.3875,14.3875,13.3125,13.4875,14.3875,-0.9,-6.26
111,14-JUN-2024,13.4875,13.4875,12.655,12.8225,13.4875,-0.67,-4.93
112,18-JUN-2024,12.8225,13.42,12.625,12.965,12.8225,0.14,1.11
113,19-JUN-2024,12.965,13.815,11.63,13.7125,12.965,0.75,5.77
114,20-JUN-2024,13.7125,14.06,13.1025,13.345,13.7125,-0.37,-2.68
115,21-JUN-2024,13.345,13.59,12.475,13.18,13.345,-0.17,-1.24
116,24-JUN-2024,13.18,14.2675,13.15,14.0575,13.18,0.88,6.66
117,25-JUN-2024,14.0575,14.455,13.8425,14.3125,14.0575,0.26,1.81
118,26-JUN-2024,14.3125,14.5475,13.985,14.045,14.3125,-0.27,-1.87
119,27-JUN-2024,14.045,14.61,13.915,14.1525,14.045,0.11,0.77
120,28-JUN-2024,14.1525,14.29,13.6875,13.8025,14.1525,-0.35,-2.47
121,01-JUL-2024,13.8025,14.2275,13.7925,13.83,13.8025,0.03,0.2
122,02-JUL-2024,13.83,14.0125,13.3225,13.64,13.83,-0.19,-1.37
123,03-JUL-2024,13.64,13.715,12.87,13.205,13.64,-0.44,-3.19
124,04-JUL-2024,13.205,13.205,12.2575,12.855,13.205,-0.35,-2.65
125,05-JUL-2024,12.855,12.99,12.08,12.695,12.855,-0.16,-1.24
126,08-JUL-2024,12.695,13.7575,12.695,13.6,12.695,0.91,7.13
127,09-JUL-2024,13.6,14.4025,12.79,14.28,13.6,0.68,5.0
128,10-JUL-2024,14.28,14.915,13.4075,14.4325,14.28,0.15,1.07
129,11-JUL-2024,14.4325,14.4325,12.68,13.995,14.4325,-0.44,-3.03
130,12-JUL-2024,13.995,14.0525,13.2225,13.725,13.995,-0.27,-1.93
131,15-JUL-2024,13.725,14.34,13.5675,14.1875,13.725,0.46,3.37
132,16-JUL-2024,14.1875,14.5875,13.8025,14.2225,14.1875,0.04,0.25
133,18-JUL-2024,14.2225,14.71,13.75,14.51,14.2225,0.29,2.02
134,19-JUL-2024,14.51,14.965,12.7375,14.825,14.51,0.32,2.17
135,22-JUL-2024,14.825,15.625,13.115,15.4375,14.825,0.61,4.13
136,23-JUL-2024,15.4375,16.065,12.5925,12.7475,15.4375,-2.69,-17.43
137,24-JUL-2024,12.7475,14.0375,11.6175,11.7625,12.7475,-0.99,-7.73
138,25-JUL-2024,11.7625,13.2175,11.275,12.6175,11.7625,0.86,7.27
139,26-JUL-2024,12.6175,13.135,11.9775,12.2475,12.6175,-0.37,-2.93
140,29-JUL-2024,12.2475,13.255,12.0275,12.945,12.2475,0.7,5.7
141,30-JUL-2024,12.945,13.26,11.715,12.88,12.945,-0.07,-0.5
142,31-JUL-2024,12.88,13.3875,11.6225,13.25,12.88,0.37,2.87
143,01-AUG-2024,13.25,13.305,11.9825,12.93,13.25,-0.32,-2.42
144,02-AUG-2024,12.93,14.51,11.6925,14.32,12.93,1.39,10.75
145,05-AUG-2024,14.32,23.1525,13.9075,20.3675,14.32,6.05,42.23
146,06-AUG-2024,20.3675,20.3675,14.8675,18.7425,20.3675,-1.63,-7.98
147,07-AUG-2024,18.7425,18.7425,13.7225,16.17,18.7425,-2.57,-13.73
148,08-AUG-2024,16.17,17.23,14.38,16.6025,16.17,0.43,2.67
149,09-AUG-2024,16.6025,16.6025,13.4325,15.335,16.6025,-1.27,-7.63
150,12-AUG-2024,15.335,16.5575,13.395,15.8675,15.335,0.53,3.47
151,13-AUG-2024,15.8675,16.375,14.2225,16.1675,15.8675,0.3,1.89
152,14-AUG-2024,16.1675,16.22,13.8225,15.435,16.1675,-0.73,-4.53
153,16-AUG-2024,15.435,15.435,12.95,14.4025,15.435,-1.03,-6.69
154,19-AUG-2024,14.4025,14.83,13.1975,14.315,14.4025,-0.09,-0.61
155,20-AUG-2024,14.315,14.315,11.425,13.82,14.315,-0.5,-3.46
156,21-AUG-2024,13.82,14.045,11.8225,13.3325,13.82,-0.49,-3.53
157,22-AUG-2024,13.3325,13.7825,10.9575,13.0,13.3325,-0.33,-2.49
158,23-AUG-2024,13.0,13.62,10.84,13.5525,13.0,0.55,4.25
159,26-AUG-2024,13.5525,13.9925,12.01,13.795,13.5525,0.24,1.79
160,27-AUG-2024,13.795,14.01,12.71,13.6325,13.795,-0.16,-1.18
161,28-AUG-2024,13.6325,14.085,12.035,13.95,13.6325,0.32,2.33
162,29-AUG-2024,13.95,14.135,12.4825,13.7875,13.95,-0.16,-1.16
163,30-AUG-2024,13.7875,13.905,12.54,13.3925,13.7875,-0.4,-2.86
164,02-SEP-2024,13.3925,14.25,12.6275,14.06,13.3925,0.67,4.98
165,03-SEP-2024,14.06,14.15,12.69,13.8425,14.06,-0.22,-1.55
166,04-SEP-2024,13.8425,14.555,12.805,14.3775,13.8425,0.54,3.86
167,05-SEP-2024,14.3775,14.3775,13.335,14.2075,14.3775,-0.17,-1.18
168,06-SEP-2024,14.2075,15.6725,12.3525,15.2175,14.2075,1.01,7.11
169,09-SEP-2024,15.2175,15.5625,14.11,14.2375,15.2175,-0.98,-6.44
170,10-SEP-2024,14.2375,14.2375,12.1675,13.36,14.2375,-0.88,-6.16
171,11-SEP-2024,13.36,13.765,11.325,13.6275,13.36,0.27,2.0
172,12-SEP-2024,13.6275,13.6275,11.14,13.1825,13.6275,-0.45,-3.27
173,13-SEP-2024,13.1825,13.1825,12.4675,12.55,13.1825,-0.63,-4.8
174,16-SEP-2024,12.55,12.955,12.31,12.46,12.55,-0.09,-0.72
175,17-SEP-2024,12.46,12.75,11.8825,12.59,12.46,0.13,1.04
176,18-SEP-2024,12.59,13.8475,12.26,13.3725,12.59,0.78,6.22
177,19-SEP-2024,13.3725,13.3725,12.1,12.47,13.3725,-0.9,-6.75
178,20-SEP-2024,12.47,13.11,10.9025,12.79,12.47,0.32,2.57
179,23-SEP-2024,12.79,14.03,12.4275,13.785,12.79,1.0,7.78
180,24-SEP-2024,13.785,14.105,12.7425,13.3925,13.785,-0.39,-2.85
181,25-SEP-2024,13.3925,13.61,8.98,12.7425,13.3925,-0.65,-4.85
182,26-SEP-2024,12.7425,12.7425,11.3525,12.0025,12.7425,-0.74,-5.81
183,27-SEP-2024,12.0025,12.08,10.5025,11.9625,12.0025,-0.04,-0.33
184,30-SEP-2024,11.9625,13.2375,11.6,12.7875,11.9625,0.83,6.9
185,01-OCT-2024,12.7875,12.7875,11.7125,11.9875,12.7875,-0.8,-6.26
186,03-OCT-2024,11.9875,13.9275,11.685,13.17,11.9875,1.18,9.86
187,04-OCT-2024,13.17,14.48,12.285,14.1275,13.17,0.96,7.27
188,07-OCT-2024,14.1275,15.5,13.6175,15.08,14.1275,0.95,6.74
189,08-OCT-2024,15.08,15.555,13.8775,14.5875,15.08,-0.49,-3.27
190,09-OCT-2024,14.5875,14.5875,12.7,14.1225,14.5875,-0.47,-3.19
191,10-OCT-2024,14.1225,14.1225,11.7275,13.495,14.1225,-0.63,-4.44
192,11-OCT-2024,13.495,13.7025,11.535,13.22,13.495,-0.28,-2.04
193,14-OCT-2024,13.22,13.735,12.915,12.995,13.22,-0.23,-1.7
194,15-OCT-2024,12.995,13.3625,10.9225,13.0025,12.995,0.01,0.06
195,16-OCT-2024,13.0025,13.56,11.435,13.0525,13.0025,0.05,0.38
196,17-OCT-2024,13.0525,13.465,11.0625,13.3875,13.0525,0.34,2.57
197,18-OCT-2024,13.3875,14.06,12.8675,13.0375,13.3875,-0.35,-2.61
198,21-OCT-2024,13.0375,14.195,12.5525,13.7625,13.0375,0.73,5.56
199,22-OCT-2024,13.7625,14.515,9.47,14.395,13.7625,0.63,4.6
200,23-OCT-2024,14.395,15.0325,11.74,14.6225,14.395,0.23,1.58
201,24-OCT-2024,14.6225,14.8975,12.695,13.97,14.6225,-0.65,-4.46
202,25-OCT-2024,13.97,15.08,13.35,14.6325,13.97,0.66,4.74
203,28-OCT-2024,14.6325,15.4775,13.535,14.29,14.6325,-0.34,-2.34
204,29-OCT-2024,14.29,15.0275,13.5575,14.515,14.29,0.23,1.57
205,30-OCT-2024,14.515,15.7,14.28,15.51,14.515,1.0,6.85
206,31-OCT-2024,15.51,16.24,14.6525,15.55,15.51,0.04,0.26
207,01-NOV-2024,15.55,16.125,13.6325,15.9025,15.55,0.35,2.27
208,04-NOV-2024,15.9025,17.6,14.7775,16.6875,15.9025,0.79,4.94
209,05-NOV-2024,16.6875,19.02,15.795,16.1225,16.6875,-0.57,-3.39
210,06-NOV-2024,16.1225,20.75,14.7125,14.8675,16.1225,-1.26,-7.78
211,07-NOV-2024,14.8675,15.5225,14.2675,14.94,14.8675,0.07,0.49
212,08-NOV-2024,14.94,15.725,14.3925,14.47,14.94,-0.47,-3.15
213,11-NOV-2024,14.47,15.47,13.1175,14.27,14.47,-0.2,-1.38
214,12-NOV-2024,14.27,14.8375,12.74,14.59,14.27,0.32,2.24
215,13-NOV-2024,14.59,15.865,13.9325,15.435,14.59,0.85,5.79
216,14-NOV-2024,15.435,15.685,13.4075,14.775,15.435,-0.66,-4.28
217,18-NOV-2024,14.775,16.58,13.755,15.1675,14.775,0.39,2.66
218,19-NOV-2024,15.1675,16.185,12.7325,15.6625,15.1675,0.5,3.26
219,21-NOV-2024,15.6625,16.78,14.8375,15.99,15.6625,0.33,2.09
220,22-NOV-2024,15.99,18.67,12.7525,16.0975,15.99,0.11,0.67
221,25-NOV-2024,16.0975,16.865,13.63,15.3025,16.0975,-0.8,-4.94
222,26-NOV-2024,15.3025,16.26,13.8725,15.305,15.3025,0.0,0.02
223,27-NOV-2024,15.305,15.305,13.245,14.625,15.305,-0.68,-4.44
224,28-NOV-2024,14.625,15.5625,14.27,15.205,14.625,0.58,3.97
225,29-NOV-2024,15.205,15.4575,14.3325,14.425,15.205,-0.78,-5.13
226,02-DEC-2024,14.425,15.08,13.3125,14.7,14.425,0.28,1.91
227,03-DEC-2024,14.7,14.89,14.235,14.3725,14.7,-0.33,-2.23
228,04-DEC-2024,14.3725,14.7975,14.11,14.45,14.3725,0.08,0.54
229,05-DEC-2024,14.45,15.705,14.055,14.5275,14.45,0.08,0.54
230,06-DEC-2024,14.5275,15.0225,14.045,14.14,14.5275,-0.39,-2.67
231,09-DEC-2024,14.14,14.635,13.45,14.1075,14.14,-0.03,-0.23
232,10-DEC-2024,14.1075,14.6725,13.6975,13.7775,14.1075,-0.33,-2.34
233,11-DEC-2024,13.7775,14.11,13.175,13.2675,13.7775,-0.51,-3.7
234,12-DEC-2024,13.2675,13.4,12.9475,13.19,13.2675,-0.08,-0.58
235,13-DEC-2024,13.19,14.72,12.47,13.0525,13.19,-0.14,-1.04
236,16-DEC-2024,13.0525,14.505,13.0525,14.02,13.0525,0.97,7.41
237,17-DEC-2024,14.02,14.975,13.18,14.485,14.02,0.47,3.32
238,18-DEC-2024,14.485,15.2425,14.27,14.3725,14.485,-0.11,-0.78
239,19-DEC-2024,14.3725,15.435,13.87,14.51,14.3725,0.14,0.96
240,20-DEC-2024,14.51,15.5525,14.3975,15.0725,14.51,0.56,3.88
241,23-DEC-2024,15.0725,16.8825,13.4175,13.52,15.0725,-1.55,-10.3
242,24-DEC-2024,13.52,15.03,12.975,13.1775,13.52,-0.34,-2.53
243,26-DEC-2024,13.1775,14.3875,13.0825,14.035,13.1775,0.86,6.51
244,27-DEC-2024,14.035,14.2375,13.035,13.2375,14.035,-0.8,-5.68
245,30-DEC-2024,13.2375,14.37,13.2375,13.9725,13.2375,0.74,5.55
246,31-DEC-2024,13.9725,14.6375,13.9725,14.4475,13.9725,0.48,3.4
247,01-JAN-2025,14.4475,14.835,14.305,14.5075,14.4475,0.06,0.42
